Electricity_Access,Internet_Usage,GDP_Per_Capita,School_Enrollment,Life_Expectancy,Urban_Population,Country Code,Short Name,Region
99.45,80.88749999999999,26786.894905119214,119.50778089250832,75.13116666666667,43.25833333333333,ABW,Aruba,Latin America & Caribbean
80.49166666666667,10.667499999999999,545.7683397675024,53.89345974392362,61.89266666666666,24.955583333333333,AFG,Afghanistan,"Middle East, North Africa, Afghanistan & Pakistan"
40.84166666666667,21.491666666666664,3243.865703950589,40.43462800979613,60.90683333333333,63.72683333333334,AGO,Angola,Sub-Saharan Africa
99.90833333333335,59.324999999999996,4769.482977559858,98.63357480367029,78.34158333333333,57.78475,ALB,Albania,Europe & Central Asia
100.0,87.47272727272728,41755.55196826145,93.70666821797688,83.76558333333332,88.30975000000001,AND,Andorra,Europe & Central Asia
100.0,90.25,45633.52671578535,81.5247917175293,81.86333333333333,85.77041666666668,ARE,United Arab Emirates,"Middle East, North Africa, Afghanistan & Pakistan"
99.64999999999999,68.33333333333333,11917.119490741594,107.53950881957996,76.03083333333333,91.5555,ARG,Argentina,Latin America & Caribbean
99.77500000000002,55.74166666666667,3840.6428284212657,91.12387254503034,74.42134146341463,63.22316666666668,ARM,Armenia,Europe & Central Asia
98.6875,43.35000000000001,12411.83302006254,91.34852915102624,72.70283333333333,87.28166666666668,ASM,American Samoa,East Asia & Pacific
99.44166666666666,66.60833333333333,16320.064518672849,116.64246695382244,77.02783333333333,25.039083333333334,ATG,Antigua and Barbuda,Latin America & Caribbean
100.0,86.24166666666667,58221.262717453435,145.9229561941966,82.46524390243903,85.76100000000001,AUS,Australia,East Asia & Pacific
100.0,83.90833333333332,48932.036343493404,100.89463297526036,81.29776422764229,57.89933333333334,AUT,Austria,Europe & Central Asia
99.98333333333333,71.99166666666667,5750.607869281784,87.64407666220461,71.71641666666666,54.95458333333334,AZE,Azerbaijan,Europe & Central Asia
8.016666666666666,3.563333333333334,231.3377747580611,40.05353147333319,60.269416666666665,12.27875,BDI,Burundi,Sub-Saharan Africa
100.0,85.8,45862.06706713955,157.98864364624026,81.0857723577236,97.89241666666665,BEL,Belgium,Europe & Central Asia
36.78333333333333,13.081666666666665,1112.2370730311438,51.85382461547852,59.21458333333334,45.990500000000004,BEN,Benin,Sub-Saharan Africa
16.408333333333335,6.8983333333333325,739.3437978414291,32.56767384211223,58.76833333333334,27.87233333333334,BFA,Burkina Faso,Sub-Saharan Africa
76.37500000000001,17.935833333333335,1501.5519094825047,62.00562505079242,70.45791666666666,34.69883333333334,BGD,Bangladesh,South Asia
96.90833333333335,59.4,8814.688745873871,100.73793856302898,74.18353658536587,74.16108333333334,BGR,Bulgaria,Europe & Central Asia
100.0,90.49166666666667,25343.831262646727,99.29910888671887,79.69741666666667,89.07708333333333,BHR,Bahrain,"Middle East, North Africa, Afghanistan & Pakistan"
100.0,77.3,29661.38653910908,77.7919896443685,73.31500000000001,82.83075,BHS,"Bahamas, The",Latin America & Caribbean
99.83333333333333,58.07500000000001,5412.942861546438,84.61929512023926,76.88083333333333,47.406416666666665,BIH,Bosnia and Herzegovina,Europe & Central Asia
97.61666666666667,64.425,6656.476211173774,99.63093376159675,72.7132337398374,77.37141666666666,BLR,Belarus,Europe & Central Asia
92.77500000000002,45.400000000000006,5896.84230297081,82.57067807515465,71.55375000000001,45.553083333333326,BLZ,Belize,Latin America & Caribbean
100.0,93.825,106727.24650319964,87.86593561234162,80.50541666666666,100.0,BMU,Bermuda,North America
92.08333333333333,41.49999999999999,2963.330099888415,89.97529284159343,66.21691666666666,68.531,BOL,"Bolivia, Plurinational State of",Latin America & Caribbean
99.55,61.13333333333333,10273.81089955664,102.71184234619133,74.67908333333334,85.8745,BRA,Brazil,Latin America & Caribbean
100.0,71.95833333333333,19268.566603350526,107.36637496948251,76.09383333333334,31.351916666666664,BRB,Barbados,Latin America & Caribbean
100.0,78.55,34823.9480299256,95.75530992635792,74.91383333333333,76.79966666666667,BRN,Brunei Darussalam,East Asia & Pacific
93.14999999999999,44.75833333333333,3065.4356781222136,79.81486792183244,70.85125000000001,38.99333333333333,BTN,Bhutan,South Asia
63.06666666666666,40.74999999999999,6882.866025429827,70.0183868408203,63.33825000000001,67.40233333333333,BWA,Botswana,Sub-Saharan Africa
12.908333333333331,3.441,447.9151744826185,15.11860251426695,46.74433333333334,40.575333333333326,CAF,Central African Republic,Sub-Saharan Africa
100.0,88.81666666666666,48034.0218546621,109.73491541544594,81.71674796747968,81.29858333333333,CAN,Canada,North America
100.0,88.77499999999999,85499.11820770486,101.94369714910326,83.17459349593496,73.753,CHE,Switzerland,Europe & Central Asia
100.0,73.08333333333333,59834.89751396725,102.54673957824707,81.175,30.987666666666666,CHI,Channel Islands,Europe & Central Asia
99.84166666666665,71.79166666666667,14501.326848926874,99.42928822835296,79.73649999999999,87.41391666666665,CHL,Chile,Latin America & Caribbean
99.95833333333333,52.74166666666667,8418.292220307472,92.60807037353514,77.01100000000001,56.03083333333333,CHN,China,East Asia & Pacific
63.550000000000004,24.650000000000002,1918.7171811954222,48.01003122329714,58.296833333333325,49.70124999999999,CIV,Côte d'Ivoire,Sub-Saharan Africa
59.1,21.208333333333332,1527.8068028069977,50.765414186135665,59.74816666666666,54.868750000000006,CMR,Cameroon,Sub-Saharan Africa
16.783333333333335,9.126666666666667,455.514485472382,43.09547260829381,58.71475,43.062666666666665,COD,"Congo, Democratic Republic of",Sub-Saharan Africa
44.76666666666666,11.291,2817.5336960580735,58.2015816368233,63.415,65.77108333333334,COG,"Congo, Republic of",Sub-Saharan Africa
98.23333333333333,56.53333333333333,6826.159267824439,99.66807301839192,75.58258333333332,79.90341666666667,COL,Colombia,Latin America & Caribbean
76.375,11.221818181818183,1493.4189419399015,59.93849529691985,64.47574999999999,28.641000000000002,COM,Comoros,Sub-Saharan Africa
87.45833333333333,48.81666666666666,3864.034462120069,86.3077335357666,73.97425,64.50975000000001,CPV,Cabo Verde,Sub-Saharan Africa
99.54166666666667,61.45000000000001,11351.154233069845,119.8807932535807,79.82275,77.01916666666666,CRI,Costa Rica,Latin America & Caribbean
99.01666666666667,43.074999999999996,7638.245972198554,96.54323514302565,77.33375000000001,76.9325,CUB,Cuba,Latin America & Caribbean
100.0,65.0,19028.979805046976,107.8884506225585,76.13958333333332,89.37425,CUW,Curaçao,Latin America & Caribbean
100.0,73.475,79442.64637967211,96.50732963155943,78.06558333333334,100.0,CYM,Cayman Islands,Latin America & Caribbean
100.0,73.81666666666666,28684.169270833332,98.46297709147132,81.21858333333333,67.02841666666667,CYP,Cyprus,Europe & Central Asia
100.0,76.45833333333333,21588.2717798177,102.0041376749674,78.38861788617886,73.58508333333334,CZE,Czechia,Europe & Central Asia
100.0,85.71666666666665,46460.49914641641,102.54673957824707,80.76544715447154,77.253,DEU,Germany,Europe & Central Asia
60.35,33.24166666666667,2261.8250838797735,87.97662268744575,62.89466666666667,77.52508333333333,DJI,Djibouti,"Middle East, North Africa, Afghanistan & Pakistan"
96.50833333333333,62.527272727272724,8246.493672818551,97.5636024320094,70.88050000000001,69.73533333333333,DMA,Dominica,Latin America & Caribbean
100.0,95.20833333333333,59901.25848833686,128.83087730407718,80.66849593495937,87.56208333333332,DNK,Denmark,Europe & Central Asia
98.69166666666665,59.51666666666667,6921.200662319797,79.20544179280598,72.81966666666666,78.81124999999999,DOM,Dominican Republic,Latin America & Caribbean
99.34166666666665,38.90833333333333,4962.626703814872,101.91279602050801,74.87825000000001,71.05491666666666,DZA,Algeria,"Middle East, North Africa, Afghanistan & Pakistan"
98.50000000000001,49.725,5832.02002403876,97.2902565002442,75.47050000000002,63.48758333333333,ECU,Ecuador,Latin America & Caribbean
99.79166666666667,42.42499999999999,2996.6319921043228,77.50789295543323,69.96258333333333,42.83316666666667,EGY,"Egypt, Arab Republic of","Middle East, North Africa, Afghanistan & Pakistan"
46.30833333333334,4.83,614.1905858232631,46.04755977913297,65.84025000000001,38.54125,ERI,Eritrea,Sub-Saharan Africa
100.0,79.85833333333333,29118.18136813199,122.64434687296541,82.91280487804879,79.7325,ESP,Spain,Europe & Central Asia
100.0,84.71666666666668,20537.236651062216,111.46165974934898,77.32621951219512,68.55791666666667,EST,Estonia,Europe & Central Asia
37.483333333333334,10.554166666666669,634.6986766905821,35.29794450381043,63.47100000000001,19.687333333333335,ETH,Ethiopia,Sub-Saharan Africa
100.0,89.05000000000001,48076.66254570489,138.54258346557617,81.26666666666668,85.0825,FIN,Finland,Europe & Central Asia
93.77499999999999,47.025,4971.746799934193,88.39544130155822,66.54958333333333,54.971666666666664,FJI,Fiji,East Asia & Pacific
100.0,81.34166666666667,40703.387076993655,104.50428771972649,82.34654471544717,79.79333333333334,FRA,France,Europe & Central Asia
100.0,88.92500000000001,57601.31916363695,102.54673957824707,81.8089430894309,41.725166666666674,FRO,Faroe Islands,Europe & Central Asia
73.95,30.95454545454545,3145.2987543131617,91.34852915102624,65.51883333333335,22.565583333333336,FSM,"Micronesia, Federated States of",East Asia & Pacific
88.77499999999999,43.041666666666664,8064.2074460545555,69.28899414746175,66.278,88.19541666666667,GAB,Gabon,Sub-Saharan Africa
100.0,90.89166666666667,42923.86645369138,114.76877108487233,80.96173983739838,82.74466666666667,GBR,United Kingdom,Europe & Central Asia
99.99166666666667,52.824999999999996,4421.083957865424,107.72109985351555,73.01041666666667,57.668416666666666,GEO,Georgia,Europe & Central Asia
75.14166666666667,28.875,1935.8306970964898,66.61482569411689,63.15433333333334,54.39083333333334,GHA,Ghana,Sub-Saharan Africa
99.95833333333333,72.35,20759.3677294196,127.25866088867201,82.49933333333334,100.0,GIB,Gibraltar,Europe & Central Asia
36.0,12.508333333333335,838.7566119001971,37.285646077299305,58.134583333333346,35.37108333333334,GIN,Guinea,Sub-Saharan Africa
55.42500000000001,21.10833333333333,689.5697107548614,74.9624325493035,63.02058333333333,59.52075,GMB,"Gambia, The",Sub-Saharan Africa
22.116666666666664,10.5525,727.8405440199864,45.53009147644044,59.99450000000001,42.34191666666667,GNB,Guinea-Bissau,Sub-Saharan Africa
66.25833333333334,27.345454545454547,11002.267015957623,45.53009147644044,60.70675,70.57383333333333,GNQ,Equatorial Guinea,Sub-Saharan Africa
100.0,65.38333333333334,20759.3677294196,105.11004511515291,81.07784552845528,78.1965,GRC,Greece,Europe & Central Asia
91.48333333333333,49.94166666666667,8597.019870702132,104.6477813720704,74.92608333333334,36.12991666666667,GRD,Grenada,Latin America & Caribbean
100.0,66.25,49975.71615159756,102.54673957824707,71.30148373983742,86.11083333333335,GRL,Greenland,Europe & Central Asia
90.7,30.608333333333334,3910.6658441257964,52.9661537806193,70.61874999999999,50.21608333333333,GTM,Guatemala,Latin America & Caribbean
100.0,67.3125,34719.56155926234,91.34852915102624,76.23283333333333,94.56825000000002,GUM,Guam,East Asia & Pacific
88.35000000000001,42.03333333333334,6065.310947553701,95.09233703613282,67.28841666666666,26.55725,GUY,Guyana,Latin America & Caribbean
100.0,83.39166666666667,42353.81036974008,102.30357996622712,84.31674796747967,100.0,HKG,"Hong Kong SAR, China",East Asia & Pacific
88.39166666666667,28.900000000000002,2279.61005465513,57.59728830510922,70.94725,55.467000000000006,HND,Honduras,Latin America & Caribbean
100.0,69.6,14407.589286937604,102.85916201273595,77.39430894308946,56.37141666666667,HRV,Croatia,Europe & Central Asia
41.599999999999994,18.517000000000003,1408.3560728690009,96.54323514302565,61.68299999999999,52.83941666666666,HTI,Haiti,Latin America & Caribbean
100.0,75.89166666666667,14851.155984391049,103.342342376709,75.39817073170734,70.6375,HUN,Hungary,Europe & Central Asia
97.10833333333333,29.408333333333335,3666.8704076852487,88.43934600981653,69.17625000000001,53.63141666666666,IDN,Indonesia,East Asia & Pacific
100.0,73.08333333333333,83617.84448260396,102.54673957824707,80.27533333333334,52.387750000000004,IMN,Isle of Man,Europe & Central Asia
88.41666666666667,17.918181818181818,1717.0818263677156,73.73080270015954,68.9995,33.05058333333333,IND,India,South Asia
100.0,83.075,67876.49214913487,126.47491038929319,81.62621951219514,62.67241666666666,IRL,Ireland,Europe & Central Asia
99.84166666666665,48.86666666666667,5524.60788499386,87.97662268744575,75.41341666666666,73.5705,IRN,"Iran, Islamic Republic of","Middle East, North Africa, Afghanistan & Pakistan"
99.40000000000002,26.400000000000002,5302.559414613804,87.97662268744575,69.60366666666665,70.051,IRQ,Iraq,"Middle East, North Africa, Afghanistan & Pakistan"
100.0,97.625,58282.09117623393,114.97569592793775,82.64024390243902,93.73158333333333,ISL,Iceland,Europe & Central Asia
100.0,78.50833333333334,39428.62897940417,96.44873110453285,82.24491869918698,92.23033333333332,ISR,Israel,"Middle East, North Africa, Afghanistan & Pakistan"
100.0,62.349999999999994,34450.84581863882,101.28854433695476,82.7219512195122,69.73575,ITA,Italy,Europe & Central Asia
95.77499999999999,51.324999999999996,5170.408445220129,88.14106056906958,71.77008333333335,55.05583333333334,JAM,Jamaica,Latin America & Caribbean
99.84166666666668,55.10833333333333,4079.4507814875287,88.68044509887697,75.04375,89.77541666666667,JOR,Jordan,"Middle East, North Africa, Afghanistan & Pakistan"
100.0,87.05000000000001,41309.00902115356,102.104650709364,83.74176829268295,91.40791666666667,JPN,Japan,East Asia & Pacific
99.98333333333333,69.39999999999999,10192.890187035295,100.45693169843427,71.28,57.25958333333333,KAZ,Kazakhstan,Europe & Central Asia
49.916666666666664,14.919999999999998,1568.581286143674,45.53009147644044,61.96408333333334,25.940083333333334,KEN,Kenya,Sub-Saharan Africa
99.47500000000001,41.86666666666667,1201.0433534744839,90.53725627430275,70.75101626016261,36.00275,KGZ,Kyrgyz Republic,Europe & Central Asia
64.33333333333333,24.09363636363636,1627.6538025266393,53.12513607166327,69.14816666666665,22.420916666666667,KHM,Cambodia,East Asia & Pacific
83.875,18.577,1793.2261878919742,86.4115524291992,65.65608333333334,51.96325000000001,KIR,Kiribati,East Asia & Pacific
99.98333333333333,66.99166666666666,19890.44620328033,110.7013587951661,71.1485,30.92741666666667,KNA,St. Kitts and Nevis,Latin America & Caribbean
100.0,90.675,29323.623555661703,98.15833218892415,82.01930894308943,81.63433333333334,KOR,Korea,East Asia & Pacific
100.0,84.61666666666667,36986.75064968605,95.13870366414386,79.2116280487805,100.0,KWT,Kuwait,"Middle East, North Africa, Afghanistan & Pakistan"
86.77499999999998,26.53333333333333,2078.7922776282926,58.73051084082485,66.50766666666668,33.45308333333334,LAO,Lao PDR,East Asia & Pacific
99.75833333333333,71.325,7642.17441679843,87.97662268744575,77.55133333333332,88.19675,LBN,Lebanon,"Middle East, North Africa, Afghanistan & Pakistan"
16.525000000000002,11.134166666666665,654.8135006068921,39.04186820983888,60.250249999999994,50.0975,LBR,Liberia,Sub-Saharan Africa
73.76666666666667,36.24285714285714,9395.403445397653,87.97662268744575,72.05658333333334,79.45108333333333,LBY,Libya,"Middle East, North Africa, Afghanistan & Pakistan"
98.24166666666667,53.00833333333335,10108.18427821228,91.8610909201882,72.3575,18.59925,LCA,St. Lucia,Latin America & Caribbean
100.0,92.78181818181817,167598.27145584166,115.06262137673117,82.68963414634148,14.367083333333333,LIE,Liechtenstein,Europe & Central Asia
94.30833333333332,26.762499999999996,3830.3753992628103,94.3964110596859,75.87058333333333,18.386166666666668,LKA,Sri Lanka,South Asia
33.74166666666667,27.188333333333336,1113.6378512995975,57.0002868465085,51.61533333333333,27.13466666666667,LSO,Lesotho,Sub-Saharan Africa
99.95,74.01666666666667,16801.766653584953,104.7370688120525,74.55243902439025,67.36641666666667,LTU,Lithuania,Europe & Central Asia
100.0,95.35833333333333,115848.19499379768,104.49307950337725,81.98252032520325,90.23791666666665,LUX,Luxembourg,Europe & Central Asia
99.96666666666665,79.26666666666668,15146.40785771538,108.84347152709957,74.24756097560976,68.055,LVA,Latvia,Europe & Central Asia
100.0,75.08333333333333,69666.38605889255,95.18691253662111,83.20426829268294,100.0,MAC,"Macao SAR, China",East Asia & Pacific
100.0,53.275000000000006,20567.695959212593,96.54323514302565,79.59991666666666,68.531,MAF,St. Martin (French part),Latin America & Caribbean
97.95833333333333,63.71666666666667,3333.0578002929706,74.97115087509154,72.73633333333333,61.06816666666666,MAR,Morocco,"Middle East, North Africa, Afghanistan & Pakistan"
100.0,90.19090909090909,182063.53104772963,154.156982421875,85.42633333333333,100.0,MCO,Monaco,Europe & Central Asia
99.78333333333335,52.63333333333333,3524.6705749546613,99.27244957236465,70.07658333333333,42.62916666666667,MDA,Moldova,Europe & Central Asia
23.883333333333336,5.8425,483.02879103342053,36.31262259398264,63.11075,35.543416666666666,MDG,Madagascar,Sub-Saharan Africa
99.69166666666668,56.775000000000006,9172.54174978912,73.59366989135745,78.34133333333332,38.751749999999994,MDV,Maldives,South Asia
99.38333333333333,53.275000000000006,10176.97651728053,98.1895421346028,73.5465,79.42491666666665,MEX,Mexico,Latin America & Caribbean
93.40833333333332,30.183333333333334,4333.358072403527,104.67206726074218,65.26216666666669,75.95925,MHL,Marshall Islands,East Asia & Pacific
99.83333333333333,70.02499999999999,5948.451962249989,84.0914405822754,75.29166666666667,57.66141666666666,MKD,North Macedonia,Europe & Central Asia
38.49999999999999,14.183333333333332,922.8612073890871,40.05819129943848,57.86283333333333,40.367916666666666,MLI,Mali,Sub-Saharan Africa
100.0,76.51666666666667,28265.930149961743,99.63944816589354,81.8869918699187,94.44449999999999,MLT,Malta,"Middle East, North Africa, Afghanistan & Pakistan"
60.824999999999996,19.1775,1253.7348774471313,64.34052810668946,65.24091666666666,30.051249999999996,MMR,Myanmar,East Asia & Pacific
99.47500000000001,64.01666666666667,7583.488892561352,92.66095123291015,76.27967479674798,65.97708333333333,MNE,Montenegro,Europe & Central Asia
89.2,32.291666666666664,3936.281585909413,93.6436494988512,70.35402439024392,68.26166666666667,MNG,Mongolia,East Asia & Pacific
100.0,43.35000000000001,19563.378148856067,91.34852915102624,77.63741666666667,91.40766666666666,MNP,Northern Mariana Islands,East Asia & Pacific
25.40833333333333,8.389166666666666,559.6358352605291,32.08698533432491,58.70458333333334,34.687416666666664,MOZ,Mozambique,Sub-Saharan Africa
40.62499999999999,16.233333333333334,1755.5675829962586,30.35198835893111,66.52866666666667,51.45866666666668,MRT,Mauritania,Sub-Saharan Africa
99.59166666666665,50.07500000000001,9838.472133143228,92.14655373313211,74.00676829268292,41.04241666666666,MUS,Mauritius,Sub-Saharan Africa
11.166666666666666,7.618333333333333,570.9198030481346,37.55420837402345,62.320083333333336,16.491,MWI,Malawi,Sub-Saharan Africa
99.825,73.80833333333335,10259.530955186714,81.3745050672181,75.4195,74.44183333333332,MYS,Malaysia,East Asia & Pacific
49.650000000000006,30.791666666666668,5047.192420305274,45.53009147644044,60.14808333333334,47.375499999999995,NAM,Namibia,Sub-Saharan Africa
100.0,63.142857142857146,34631.24454531466,91.34852915102624,76.991,69.56558333333334,NCL,New Caledonia,East Asia & Pacific
16.48333333333333,6.661818181818182,539.1480037696521,18.375815153121952,58.8795,16.356833333333334,NER,Niger,Sub-Saharan Africa
54.974999999999994,23.23333333333333,2342.3193822537373,45.53009147644044,52.24916666666667,48.203083333333325,NGA,Nigeria,Sub-Saharan Africa
83.44166666666668,25.24166666666667,1937.013649665015,67.9309005737305,72.49391666666666,58.03325000000001,NIC,Nicaragua,Latin America & Caribbean
100.0,92.05,52148.07320055764,120.9794128417969,81.45406504065043,90.21141666666666,NLD,Netherlands,Europe & Central Asia
100.0,95.96666666666665,86268.91534714871,116.03098424275716,82.25060975609757,81.25141666666667,NOR,Norway,Europe & Central Asia
83.02499999999999,22.11916666666667,946.6763389165249,70.6149675935497,68.08774999999999,18.803583333333332,NPL,Nepal,South Asia
99.575,68.2,9425.15374331927,80.49702148437501,60.90933333333334,100.0,NRU,Nauru,East Asia & Pacific
100.0,86.64166666666667,41597.692472438044,116.21951993306476,81.64052845528455,86.39758333333333,NZL,New Zealand,East Asia & Pacific
100.0,73.10000000000001,20752.332791143413,103.63618392944326,78.58258333333335,81.55391666666667,OMN,Oman,"Middle East, North Africa, Afghanistan & Pakistan"
91.25833333333333,12.750000000000002,1319.4433276782831,34.8587690844081,65.57616666666668,36.15991666666667,PAK,Pakistan,"Middle East, North Africa, Afghanistan & Pakistan"
91.72499999999998,54.13333333333335,13382.027953540965,77.23666934969665,77.31808333333333,66.89883333333333,PAN,Panama,Latin America & Caribbean
93.28333333333335,48.06666666666666,6418.893961691306,98.52941004435219,74.61708333333333,77.45266666666667,PER,Peru,Latin America & Caribbean
91.21666666666665,39.80833333333334,2918.6672264468907,86.29907497059408,69.24408333333332,46.42925,PHL,Philippines,East Asia & Pacific
99.48333333333333,43.35000000000001,14017.537140915223,115.64231300354017,68.85408333333334,78.33924999999999,PLW,Palau,East Asia & Pacific
18.575,10.425454545454544,2461.030795979521,40.7726459503174,64.34800000000001,13.112583333333333,PNG,Papua New Guinea,East Asia & Pacific
100.0,71.64999999999999,14395.08770838088,107.86091105143208,77.05040650406504,60.33600000000001,POL,Poland,Europe & Central Asia
100.0,67.41818181818182,29518.36489207557,89.44081211090086,79.95858333333334,93.65008333333333,PRI,Puerto Rico (US),Latin America & Caribbean
40.99166666666667,0.0,5593.212626633314,95.9569625854492,72.30425,61.43083333333334,PRK,"Korea, Democratic People’s Republic of",East Asia & Pacific
100.0,68.24999999999999,22060.240076815415,115.45672798156751,80.92459349593497,63.76425,PRT,Portugal,Europe & Central Asia
98.95,50.208333333333336,5876.2727504228305,79.23455634725313,72.80533333333334,60.886833333333335,PRY,Paraguay,Latin America & Caribbean
99.91666666666667,57.94166666666666,3310.3537555089074,87.91336504618327,74.35758333333334,75.52841666666667,PSE,West Bank and Gaza,"Middle East, North Africa, Afghanistan & Pakistan"
100.0,59.2625,21294.058112153667,91.34852915102624,82.01950000000001,61.57116666666667,PYF,French Polynesia,East Asia & Pacific
100.0,89.02500000000002,78624.34820365919,100.55745887756355,81.32058333333333,98.94391666666667,QAT,Qatar,"Middle East, North Africa, Afghanistan & Pakistan"
98.875,59.6,10757.711059104757,91.99730873107909,74.63455284552846,53.99399999999999,ROU,Romania,Europe & Central Asia
99.425,72.28333333333335,12014.318766276041,96.11502144553442,71.01591463414634,74.18641666666666,RUS,Russian Federation,Europe & Central Asia
28.150000000000002,14.643333333333333,732.7789681058767,39.011038173328764,65.36233333333334,17.119833333333332,RWA,Rwanda,Sub-Saharan Africa
99.98333333333333,74.44166666666668,26516.595912911624,102.59990776909719,77.31216666666667,83.29275000000001,SAU,Saudi Arabia,"Middle East, North Africa, Afghanistan & Pakistan"
49.074999999999996,21.919999999999998,1007.8835601806646,45.274238162570526,64.34216666666667,34.13725,SDN,Sudan,Sub-Saharan Africa
61.90833333333333,27.141666666666666,1378.3585919361442,46.174232059054916,66.29441666666668,46.12366666666667,SEN,Senegal,Sub-Saharan Africa
100.0,82.325,59949.60192181383,107.12529962678802,82.68638211382114,100.0,SGP,Singapore,East Asia & Pacific
56.099999999999994,16.108333333333334,2069.629737265462,48.10658009847007,69.23800000000001,22.590083333333336,SLB,Solomon Islands,East Asia & Pacific
20.099999999999998,9.273333333333332,885.7699411255822,47.106031417846665,56.23083333333332,41.061749999999996,SLE,Sierra Leone,Sub-Saharan Africa
95.68333333333334,33.60833333333334,3831.0113674275085,68.82103665669761,71.00425000000001,69.97341666666667,SLV,El Salvador,Latin America & Caribbean
100.0,67.47999999999999,49002.53882974212,81.49282773930825,84.21116666666667,96.76958333333334,SMR,San Marino,Europe & Central Asia
51.04166666666666,3.3,430.1492903764725,5.46022449075409,52.191,43.45941666666667,SOM,Somalia,Sub-Saharan Africa
99.86666666666667,63.324999999999996,7057.400868887558,94.75913429260252,74.9859756097561,55.792750000000005,SRB,Serbia,Europe & Central Asia
4.841666666666666,4.52125,1338.2643870572263,10.889630317687999,51.15558333333334,19.055583333333335,SSD,South Sudan,Sub-Saharan Africa
68.99166666666666,32.483333333333334,1577.294321056709,72.59471409268575,66.18433333333333,70.38825,STP,São Tomé and Principe,Sub-Saharan Africa
95.79166666666667,48.03333333333333,7207.009206780617,71.76123979356554,70.59508333333333,66.14308333333332,SUR,Suriname,Latin America & Caribbean
100.0,80.54166666666667,18461.717532975574,92.56058692932129,76.47601626016261,54.00050000000001,SVK,Slovak Republic,Europe & Central Asia
100.0,76.33333333333333,24141.04061930254,108.23358217875165,80.66768292682927,53.96,SVN,Slovenia,Europe & Central Asia
100.0,92.45833333333333,55600.27541950895,128.67623647054026,82.26422764227642,86.67174999999999,SWE,Sweden,Europe & Central Asia
65.70833333333333,31.28333333333333,3849.87858608251,73.74250902448382,54.92441666666665,23.40675,SWZ,Eswatini,Sub-Saharan Africa
100.0,53.275000000000006,32221.14525085325,96.54323514302565,75.34383333333334,100.0,SXM,Sint Maarten (Dutch part),Latin America & Caribbean
99.28333333333335,60.35833333333332,15114.843664109243,94.17986106872564,73.91443089430895,55.62516666666667,SYC,Seychelles,Sub-Saharan Africa
89.825,28.49,1285.505124929795,58.324843088785805,68.28783333333332,53.90408333333334,SYR,Syrian Arab Republic,"Middle East, North Africa, Afghanistan & Pakistan"
99.375,53.275000000000006,25458.725064788352,85.81080815917645,77.26816666666667,92.22883333333334,TCA,Turks and Caicos Islands,Latin America & Caribbean
9.016666666666667,5.236666666666667,1062.7955546794096,22.920932596380055,51.66216666666667,22.7075,TCD,Chad,Sub-Saharan Africa
45.675000000000004,12.251666666666667,810.0399892510304,59.740904490152964,59.418416666666666,40.39575,TGO,Togo,Sub-Saharan Africa
99.675,46.89166666666667,6214.678453332434,104.9642530824873,76.48233333333333,48.05925,THA,Thailand,East Asia & Pacific
99.1083333333333,21.139999999999997,887.0491033244325,86.75548282702938,69.62858333333332,26.923333333333336,TJK,Tajikistan,Europe & Central Asia
99.95833333333333,11.4125,6059.306191890621,88.78176879882811,69.05641666666666,50.60883333333334,TKM,Turkmenistan,Europe & Central Asia
71.95,19.091666666666665,1351.906998689579,75.54184742725849,65.37199999999999,29.686916666666665,TLS,Timor-Leste,East Asia & Pacific
96.77499999999999,35.800000000000004,4284.389885653886,98.83815744265023,71.87591666666667,23.257,TON,Tonga,East Asia & Pacific
99.79166666666667,66.37499999999999,18527.857321183958,96.54323514302565,72.524,53.42491666666667,TTO,Trinidad and Tobago,Latin America & Caribbean
99.79166666666667,52.225,3994.408468377261,87.47546895345052,74.74091666666668,68.23158333333333,TUN,Tunisia,"Middle East, North Africa, Afghanistan & Pakistan"
100.0,58.84166666666667,10688.499902234727,103.72332827250169,76.29758333333332,73.80375,TUR,Türkiye,Europe & Central Asia
98.23333333333335,34.66666666666667,4091.0896531093917,82.54895564488004,65.50341666666667,60.026999999999994,TUV,Tuvalu,East Asia & Pacific
27.541666666666668,10.695833333333335,966.8509216308603,29.676050307841727,64.07291666666666,31.997083333333332,TZA,Tanzania,Sub-Saharan Africa
27.46666666666667,5.922222222222222,824.3679867828919,25.89353555445934,63.852250000000005,22.39075,UGA,Uganda,Sub-Saharan Africa
99.99166666666667,51.85,3321.1940714518246,91.3892027537028,72.31141666666666,69.13008333333333,UKR,Ukraine,Europe & Central Asia
99.69166666666665,67.50000000000001,17101.328611810703,110.47751871744781,77.1035,95.07166666666667,URY,Uruguay,Latin America & Caribbean
100.0,80.61666666666666,58126.08631439336,98.8363520304362,78.33434959349593,81.78833333333334,USA,United States,North America
99.85833333333335,44.333333333333336,2260.317004380121,91.81903168996571,71.16133333333333,50.721666666666664,UZB,Uzbekistan,Europe & Central Asia
98.01666666666667,50.19166666666666,7599.55382368982,116.87608370432343,70.43150000000001,51.18333333333333,VCT,St. Vincent and the Grenadines,Latin America & Caribbean
99.56666666666666,52.27499999999999,13147.680841257028,86.1746311187744,72.61683333333332,88.17875,VEN,"Venezuela, República Bolivariana de",Latin America & Caribbean
99.51666666666667,53.48,10176.97651728053,96.79362996419275,76.39166666666667,46.80775,VGB,British Virgin Islands,Latin America & Caribbean
100.0,47.6875,37224.459479028046,96.54323514302565,79.07621951219512,95.37683333333332,VIR,Virgin Islands (US),Latin America & Caribbean
99.14166666666667,51.76666666666667,2741.2740953014713,91.34852915102624,74.04975,34.18866666666667,VNM,Viet Nam,East Asia & Pacific
53.925000000000004,24.474999999999998,3047.978056385022,54.83276318539633,70.16933333333334,25.02916666666667,VUT,Vanuatu,East Asia & Pacific
98.0,30.208333333333332,4038.05428893028,82.3200263892889,71.04766666666667,18.839166666666667,WSM,Samoa,East Asia & Pacific
100.0,86.65,3934.5917562084437,102.54673957824707,75.96941666666667,68.055,XKX,Kosovo,Europe & Central Asia
68.0,19.61111111111111,990.2786448235462,43.89947586059572,67.0075,35.11483333333334,YEM,"Yemen, Republic of","Middle East, North Africa, Afghanistan & Pakistan"
85.44166666666666,52.98333333333333,6928.216479068972,104.06614823774854,63.331500000000005,65.06433333333332,ZAF,South Africa,Sub-Saharan Africa
34.9,11.933333333333332,1427.8624535106367,45.53009147644044,60.5995,42.21183333333333,ZMB,Zambia,Sub-Saharan Africa
42.224999999999994,20.575,1630.3699216795546,52.1813850402832,58.234416666666654,32.507083333333334,ZWE,Zimbabwe,Sub-Saharan Africa
